commit;
-- ------------------------  PHTI 테이블 ------------------------
DROP TABLE PHTI;
CREATE TABLE PHTI
(
    PHTI_ID          NUMBER PRIMARY KEY,
    PHTI_NAME        VARCHAR2(100)  NOT NULL,
    PHTI_ALIAS       VARCHAR2(1000) NOT NULL,
    PHTI_DESCRIPTION VARCHAR2(3000) NOT NULL
);

-- PHTI 테이블 INSERT
INSERT INTO PHTI (PHTI_ID, PHTI_NAME, PHTI_ALIAS, PHTI_DESCRIPTION)
VALUES (1, 'EGDS', '탐험적 기부 저축가',
        '환경을 적극적으로 탐험하며 기부에도 앞장서는 타입. 새로운 경험에 도전하면서도 포인트는 차곡차곡 모아두며 미래를 대비하는 안정적이면서도 도전적인 균형형 성향.');

INSERT INTO PHTI (PHTI_ID, PHTI_NAME, PHTI_ALIAS, PHTI_DESCRIPTION)
VALUES (2, 'EGDI', '열정적 기부 소비가',
        '활동적이고 기부에도 적극적인 성격으로 래플 같은 이벤트에도 과감히 참여. 포인트는 생기면 바로 써버리며 즉각적인 만족을 추구하는 활발하고 에너제틱한 소비자형.');

INSERT INTO PHTI (PHTI_ID, PHTI_NAME, PHTI_ALIAS, PHTI_DESCRIPTION)
VALUES (3, 'EGAS', '안정적 기부 저축가',
        '친환경 활동과 기부에 꾸준히 참여하지만 래플 같은 불확실성에는 큰 매력을 느끼지 않음. 포인트는 모아두며 안정적 소비를 지향하는 신중한 스타일.');

INSERT INTO PHTI (PHTI_ID, PHTI_NAME, PHTI_ALIAS, PHTI_DESCRIPTION)
VALUES (4, 'EGAI', '즉각적 기부 소비가',
        '에코 활동과 기부에 열정적이지만 래플 같은 활동은 피하고 실속 있는 소비를 선호. 포인트는 생기는 즉시 활용하며 순간의 가치를 중시.');

INSERT INTO PHTI (PHTI_ID, PHTI_NAME, PHTI_ALIAS, PHTI_DESCRIPTION)
VALUES (5, 'EPDS', '실속 탐험 저축가',
        '새로운 친환경 활동을 즐기고 실속도 챙기며 래플에도 도전. 그러나 포인트는 모아두어 안정감을 추구하는 호기심과 절약을 동시에 가진 타입.');

INSERT INTO PHTI (PHTI_ID, PHTI_NAME, PHTI_ALIAS, PHTI_DESCRIPTION)
VALUES (6, 'EPDI', '실속 탐험 소비가',
        '탐험가답게 다양한 에코 활동에 적극적이고 실속도 챙김. 래플도 즐기며 포인트는 즉시 활용해 경험을 중시하는 에너지와 실행력이 돋보이는 타입.');

INSERT INTO PHTI (PHTI_ID, PHTI_NAME, PHTI_ALIAS, PHTI_DESCRIPTION)
VALUES (7, 'EPAS', '신중 실속 저축가',
        '실속을 중시하면서도 친환경 활동에는 적극적. 래플은 피하고 포인트는 저축해 두는 안정지향형으로 계획적인 소비 스타일.');

INSERT INTO PHTI (PHTI_ID, PHTI_NAME, PHTI_ALIAS, PHTI_DESCRIPTION)
VALUES (8, 'EPAI', '신중 실속 소비가',
        '에코 활동에는 성실히 참여하지만 전반적으로 실속을 우선. 래플은 피하고 포인트는 즉시 사용하며 당장의 효용을 중요하게 여김.');

INSERT INTO PHTI (PHTI_ID, PHTI_NAME, PHTI_ALIAS, PHTI_DESCRIPTION)
VALUES (9, 'CGDS', '열정 수집 저축가',
        '특정 에코 아이템을 꾸준히 모으며 기부에도 열정적. 래플에도 도전하지만 포인트는 아껴두어 꾸준함과 전략성을 함께 가짐.');

INSERT INTO PHTI (PHTI_ID, PHTI_NAME, PHTI_ALIAS, PHTI_DESCRIPTION)
VALUES (10, 'CGDI', '열정 수집 소비가',
        '수집가형 성향으로 기부에도 적극적이며 래플에도 도전. 포인트는 바로 써버리는 쾌활한 소비자 스타일로 순간의 즐거움을 중시.');

INSERT INTO PHTI (PHTI_ID, PHTI_NAME, PHTI_ALIAS, PHTI_DESCRIPTION)
VALUES (11, 'CGAS', '신중 수집 저축가',
        '수집과 기부를 동시에 즐기지만 래플은 피하는 경향. 포인트는 저축하며 차분하고 계획적인 태도를 보이는 타입.');

INSERT INTO PHTI (PHTI_ID, PHTI_NAME, PHTI_ALIAS, PHTI_DESCRIPTION)
VALUES (12, 'CGAI', '신중 수집 소비가',
        '조용히 모으는 것을 즐기고 기부도 꾸준히 이어감. 그러나 래플은 피하고 포인트는 즉시 소비하는 단순하면서도 실속 있는 생활 방식.');

INSERT INTO PHTI (PHTI_ID, PHTI_NAME, PHTI_ALIAS, PHTI_DESCRIPTION)
VALUES (13, 'CPDS', '실속 수집 저축가',
        '수집가형이면서도 실속을 챙기며 래플에도 도전. 그러나 포인트는 모아두어 철저히 계획된 소비를 지향하는 타입.');

INSERT INTO PHTI (PHTI_ID, PHTI_NAME, PHTI_ALIAS, PHTI_DESCRIPTION)
VALUES (14, 'CPDI', '실속 수집 소비가',
        '수집을 즐기면서도 현실적인 실속을 챙기며 래플에도 도전. 포인트는 즉시 활용해 경험과 효용을 동시에 추구하는 타입.');

INSERT INTO PHTI (PHTI_ID, PHTI_NAME, PHTI_ALIAS, PHTI_DESCRIPTION)
VALUES (15, 'CPAS', '안정 수집 저축가',
        '수집가형 + 실속파 성향을 지니며 래플은 피하는 신중파. 포인트도 모아두며 안정성과 계획성을 중시.');

INSERT INTO PHTI (PHTI_ID, PHTI_NAME, PHTI_ALIAS, PHTI_DESCRIPTION)
VALUES (16, 'CPAI', '안정 수집 소비가',
        '수집을 즐기면서도 실속 위주로 생활하고 래플은 피하는 편. 포인트는 즉시 써버리며 당장의 가치와 효용을 우선하는 타입.');

commit;
-- ------------------------  MEMBER_PHTI 테이블 ------------------------
DROP TABLE MEMBER_PHTI;
CREATE TABLE MEMBER_PHTI
(
    MEMBER_PHTI_ID                  NUMBER PRIMARY KEY,
    PRIMARY_PHTI                    VARCHAR2(255)        NOT NULL,
    PRIMARY_PHTI_CUSTOM_DESCRIPTION VARCHAR2(1000),
    SECONDARY_PHTI                  VARCHAR2(255),
    TERTIARY_PHTI                   VARCHAR2(255),
    ECO_CHOICE_RATIO                NUMBER,
    VALUE_CHOICE_RATIO              NUMBER,
    RAFFLE_CHOICE_RATIO             NUMBER,
    POINT_CHOICE_RATIO              NUMBER,
    MEMBER_ID                       NUMBER               NOT NULL,
    CREATED_AT                      DATE DEFAULT SYSDATE NOT NULL,
    UPDATED_AT                      DATE,
    CONSTRAINT FK_MEMBER_PHTI_MEMBER FOREIGN KEY (member_id) REFERENCES member (member_id)
);

DROP SEQUENCE SEQ_MEMBER_PHTI;
CREATE SEQUENCE SEQ_MEMBER_PHTI START WITH 1 INCREMENT BY 1 NOCACHE NOCYCLE;


-- ------------------------  PHTI_QUESTION 테이블 ------------------------
DROP TABLE PHTI_QUESTION;
CREATE TABLE PHTI_QUESTION
(
    PHTI_QUESTION_ID NUMBER PRIMARY KEY,
    QUESTION_ORDER   NUMBER         NOT NULL,
    QUESTION_TEXT    VARCHAR2(1023) NOT NULL,
    QUESTION_TYPE    VARCHAR2(1023) NOT NULL
        CHECK (QUESTION_TYPE IN ('ECO', 'VALUE', 'RAFFLE', 'POINT'))
);
-- ------------------------  PHTI_CHOICE 테이블 ------------------------
DROP TABLE PHTI_CHOICE;
CREATE TABLE PHTI_CHOICE
(
    PHTI_CHOICE_ID   NUMBER PRIMARY KEY,
    PHTI_QUESTION_ID NUMBER         NOT NULL,
    CHOICE_ORDER     NUMBER         NOT NULL,
    CHOICE_TEXT      VARCHAR2(1023) NOT NULL,
    MAPPED_TYPE      CHAR(1)        NOT NULL
        CHECK (MAPPED_TYPE IN ('E', 'C', 'G', 'P', 'D', 'A', 'S', 'I')),
    CONSTRAINT FK_PHTI_CHOICE_QUESTION FOREIGN KEY (PHTI_QUESTION_ID) REFERENCES PHTI_QUESTION (PHTI_QUESTION_ID)
);

DROP SEQUENCE SEQ_PHTI_CHOICE;
CREATE SEQUENCE SEQ_PHTI_CHOICE START WITH 1 INCREMENT BY 1 NOCACHE NOCYCLE;
-- PHTI 질문 INSERT

-- -- 1. 에코 소비 성향 (Q1)
-- INSERT INTO PHTI_QUESTION (PHTI_QUESTION_ID, QUESTION_ORDER, QUESTION_TEXT, QUESTION_TYPE)
-- VALUES (1, 1, '텀블러, 종이백 미사용 같은 친환경 행동에 얼마나 자주 참여하시나요?', 'ECO');
--
-- INSERT INTO PHTI_CHOICE (PHTI_CHOICE_ID, PHTI_QUESTION_ID, CHOICE_ORDER, CHOICE_TEXT, MAPPED_TYPE)
-- VALUES (SEQ_PHTI_CHOICE.NEXTVAL, 1, 1, '자주 참여한다 (주 1회 이상)', 'E');
-- INSERT INTO PHTI_CHOICE (PHTI_CHOICE_ID, PHTI_QUESTION_ID, CHOICE_ORDER, CHOICE_TEXT, MAPPED_TYPE)
-- VALUES (SEQ_PHTI_CHOICE.NEXTVAL, 1, 2, '가끔 참여한다 (월 1회 이상)', 'E');
-- INSERT INTO PHTI_CHOICE (PHTI_CHOICE_ID, PHTI_QUESTION_ID, CHOICE_ORDER, CHOICE_TEXT, MAPPED_TYPE)
-- VALUES (SEQ_PHTI_CHOICE.NEXTVAL, 1, 3, '특별한 경우 아니면 잘 참여하지 않는다 (년 1회)', 'C');
-- INSERT INTO PHTI_CHOICE (PHTI_CHOICE_ID, PHTI_QUESTION_ID, CHOICE_ORDER, CHOICE_TEXT, MAPPED_TYPE)
-- VALUES (SEQ_PHTI_CHOICE.NEXTVAL, 1, 4, '에코스톡보다는 조용히 포인트 모으는 걸 선호한다', 'C');
--
--
-- -- 2. 정기적인 기부 습관 (Q2)
-- INSERT INTO PHTI_QUESTION (PHTI_QUESTION_ID, QUESTION_ORDER, QUESTION_TEXT, QUESTION_TYPE)
-- VALUES (2, 2, '정기적인 기부를 하시는 편인가요?', 'VALUE');
--
-- INSERT INTO PHTI_CHOICE(PHTI_CHOICE_ID, PHTI_QUESTION_ID, CHOICE_ORDER, CHOICE_TEXT, MAPPED_TYPE)
-- VALUES (SEQ_PHTI_CHOICE.NEXTVAL, 2, 1, '매주 혹은 매달 꾸준히 한다', 'G');
-- INSERT INTO PHTI_CHOICE(PHTI_CHOICE_ID, PHTI_QUESTION_ID, CHOICE_ORDER, CHOICE_TEXT, MAPPED_TYPE)
-- VALUES (SEQ_PHTI_CHOICE.NEXTVAL, 2, 2, '1년에 몇 번 정도는 한다', 'G');
-- INSERT INTO PHTI_CHOICE(PHTI_CHOICE_ID, PHTI_QUESTION_ID, CHOICE_ORDER, CHOICE_TEXT, MAPPED_TYPE)
-- VALUES (SEQ_PHTI_CHOICE.NEXTVAL, 2, 3, '아주 특별한 경우에만 한다 (예: 재난 모금)', 'P');
-- INSERT INTO PHTI_CHOICE(PHTI_CHOICE_ID, PHTI_QUESTION_ID, CHOICE_ORDER, CHOICE_TEXT, MAPPED_TYPE)
-- VALUES (SEQ_PHTI_CHOICE.NEXTVAL, 2, 4, '기부는 거의 하지 않는다', 'P');
--
--
-- -- 3. 포인트 적립/할인 습관 (Q3)
-- INSERT INTO PHTI_QUESTION (PHTI_QUESTION_ID, QUESTION_ORDER, QUESTION_TEXT, QUESTION_TYPE)
-- VALUES (3, 3, '포인트 적립이나 할인을 꼭 챙기시는 편인가요?', 'VALUE');
--
-- INSERT INTO PHTI_CHOICE(PHTI_CHOICE_ID, PHTI_QUESTION_ID, CHOICE_ORDER, CHOICE_TEXT, MAPPED_TYPE)
-- VALUES (SEQ_PHTI_CHOICE.NEXTVAL, 3, 1, '거의 항상 챙긴다 (결제 전에 꼭 확인)', 'P');
-- INSERT INTO PHTI_CHOICE(PHTI_CHOICE_ID, PHTI_QUESTION_ID, CHOICE_ORDER, CHOICE_TEXT, MAPPED_TYPE)
-- VALUES (SEQ_PHTI_CHOICE.NEXTVAL, 3, 2, '자주 챙기지만 가끔은 놓친다', 'P');
-- INSERT INTO PHTI_CHOICE(PHTI_CHOICE_ID, PHTI_QUESTION_ID, CHOICE_ORDER, CHOICE_TEXT, MAPPED_TYPE)
-- VALUES (SEQ_PHTI_CHOICE.NEXTVAL, 3, 3, '할인보다 의미 있는 소비(기부/친환경)를 우선한다', 'G');
-- INSERT INTO PHTI_CHOICE(PHTI_CHOICE_ID, PHTI_QUESTION_ID, CHOICE_ORDER, CHOICE_TEXT, MAPPED_TYPE)
-- VALUES (SEQ_PHTI_CHOICE.NEXTVAL, 3, 4, '귀찮아서 잘 안 챙긴다', 'G');
--
--
-- -- 4. 가격 vs 가치 (Q4)
-- INSERT INTO PHTI_QUESTION (PHTI_QUESTION_ID, QUESTION_ORDER, QUESTION_TEXT, QUESTION_TYPE)
-- VALUES (4, 4, '결제할 때 가격 vs 가치 중 무엇을 더 중요하게 보시나요?', 'VALUE');
--
-- INSERT INTO PHTI_CHOICE(PHTI_CHOICE_ID, PHTI_QUESTION_ID, CHOICE_ORDER, CHOICE_TEXT, MAPPED_TYPE)
-- VALUES (SEQ_PHTI_CHOICE.NEXTVAL, 4, 1, '결제 시 기부 옵션이 있으면 꼭 체크한다', 'G');
-- INSERT INTO PHTI_CHOICE(PHTI_CHOICE_ID, PHTI_QUESTION_ID, CHOICE_ORDER, CHOICE_TEXT, MAPPED_TYPE)
-- VALUES (SEQ_PHTI_CHOICE.NEXTVAL, 4, 2, '가격이 조금 비싸더라도 친환경/가치소비를 선택한다', 'G');
-- INSERT INTO PHTI_CHOICE(PHTI_CHOICE_ID, PHTI_QUESTION_ID, CHOICE_ORDER, CHOICE_TEXT, MAPPED_TYPE)
-- VALUES (SEQ_PHTI_CHOICE.NEXTVAL, 4, 3, '할인 쿠폰/포인트 적립을 꼭 챙긴다', 'P');
-- INSERT INTO PHTI_CHOICE(PHTI_CHOICE_ID, PHTI_QUESTION_ID, CHOICE_ORDER, CHOICE_TEXT, MAPPED_TYPE)
-- VALUES (SEQ_PHTI_CHOICE.NEXTVAL, 4, 4, '기부보다는 실속 있는 가격 혜택이 더 중요하다', 'P');
--
--
-- -- 5. 복권 습관 (Q5)
-- INSERT INTO PHTI_QUESTION (PHTI_QUESTION_ID, QUESTION_ORDER, QUESTION_TEXT, QUESTION_TYPE)
-- VALUES (5, 5, '복권을 자주 사시는 편인가요?', 'RAFFLE');
--
-- INSERT INTO PHTI_CHOICE(PHTI_CHOICE_ID, PHTI_QUESTION_ID, CHOICE_ORDER, CHOICE_TEXT, MAPPED_TYPE)
-- VALUES (SEQ_PHTI_CHOICE.NEXTVAL, 5, 1, '주에 1번 이상', 'D');
-- INSERT INTO PHTI_CHOICE(PHTI_CHOICE_ID, PHTI_QUESTION_ID, CHOICE_ORDER, CHOICE_TEXT, MAPPED_TYPE)
-- VALUES (SEQ_PHTI_CHOICE.NEXTVAL, 5, 2, '한 달에 1번 이상', 'D');
-- INSERT INTO PHTI_CHOICE(PHTI_CHOICE_ID, PHTI_QUESTION_ID, CHOICE_ORDER, CHOICE_TEXT, MAPPED_TYPE)
-- VALUES (SEQ_PHTI_CHOICE.NEXTVAL, 5, 3, '1년에 1번 이상', 'A');
-- INSERT INTO PHTI_CHOICE(PHTI_CHOICE_ID, PHTI_QUESTION_ID, CHOICE_ORDER, CHOICE_TEXT, MAPPED_TYPE)
-- VALUES (SEQ_PHTI_CHOICE.NEXTVAL, 5, 4, '5년에 1번 이상', 'A');
-- INSERT INTO PHTI_CHOICE(PHTI_CHOICE_ID, PHTI_QUESTION_ID, CHOICE_ORDER, CHOICE_TEXT, MAPPED_TYPE)
-- VALUES (SEQ_PHTI_CHOICE.NEXTVAL, 5, 5, '사본적이 없음', 'A');
--
--
-- -- 6. 원하는 상품이 래플로만 제공 (Q6)
-- INSERT INTO PHTI_QUESTION (PHTI_QUESTION_ID, QUESTION_ORDER, QUESTION_TEXT, QUESTION_TYPE)
-- VALUES (6, 6, '원하는 상품이 래플로만 제공된다면 어떻게 하시겠나요?', 'RAFFLE');
--
-- INSERT INTO PHTI_CHOICE(PHTI_CHOICE_ID, PHTI_QUESTION_ID, CHOICE_ORDER, CHOICE_TEXT, MAPPED_TYPE)
-- VALUES (SEQ_PHTI_CHOICE.NEXTVAL, 6, 1, '무조건 참여한다, 확률은 중요하지 않다', 'D');
-- INSERT INTO PHTI_CHOICE(PHTI_CHOICE_ID, PHTI_QUESTION_ID, CHOICE_ORDER, CHOICE_TEXT, MAPPED_TYPE)
-- VALUES (SEQ_PHTI_CHOICE.NEXTVAL, 6, 2, '경쟁률을 따져보고 유리할 때만 참여한다', 'D');
-- INSERT INTO PHTI_CHOICE(PHTI_CHOICE_ID, PHTI_QUESTION_ID, CHOICE_ORDER, CHOICE_TEXT, MAPPED_TYPE)
-- VALUES (SEQ_PHTI_CHOICE.NEXTVAL, 6, 3, '기다렸다가 포인트로 살 수 있으면 그걸 선택한다', 'A');
-- INSERT INTO PHTI_CHOICE(PHTI_CHOICE_ID, PHTI_QUESTION_ID, CHOICE_ORDER, CHOICE_TEXT, MAPPED_TYPE)
-- VALUES (SEQ_PHTI_CHOICE.NEXTVAL, 6, 4, '래플은 귀찮으니 그냥 포기한다', 'A');
--
--
-- -- 7. 래플 응모 경험 (Q7)
-- INSERT INTO PHTI_QUESTION (PHTI_QUESTION_ID, QUESTION_ORDER, QUESTION_TEXT, QUESTION_TYPE)
-- VALUES (7, 7, '래플에 응모한 경험이 있나요?', 'RAFFLE');
--
-- INSERT INTO PHTI_CHOICE(PHTI_CHOICE_ID, PHTI_QUESTION_ID, CHOICE_ORDER, CHOICE_TEXT, MAPPED_TYPE)
-- VALUES (SEQ_PHTI_CHOICE.NEXTVAL, 7, 1, '자주 한다 (한 달에 1번 이상)', 'D');
-- INSERT INTO PHTI_CHOICE(PHTI_CHOICE_ID, PHTI_QUESTION_ID, CHOICE_ORDER, CHOICE_TEXT, MAPPED_TYPE)
-- VALUES (SEQ_PHTI_CHOICE.NEXTVAL, 7, 2, '가끔 한다 (1년에 몇 번 정도)', 'D');
-- INSERT INTO PHTI_CHOICE(PHTI_CHOICE_ID, PHTI_QUESTION_ID, CHOICE_ORDER, CHOICE_TEXT, MAPPED_TYPE)
-- VALUES (SEQ_PHTI_CHOICE.NEXTVAL, 7, 3, '거의 안 한다 (손에 꼽을 정도)', 'A');
-- INSERT INTO PHTI_CHOICE(PHTI_CHOICE_ID, PHTI_QUESTION_ID, CHOICE_ORDER, CHOICE_TEXT, MAPPED_TYPE)
-- VALUES (SEQ_PHTI_CHOICE.NEXTVAL, 7, 4, '한 번도 해본 적 없다', 'A');
--
--
-- -- 8. 래플 이벤트 대응 (Q8)
-- INSERT INTO PHTI_QUESTION (PHTI_QUESTION_ID, QUESTION_ORDER, QUESTION_TEXT, QUESTION_TYPE)
-- VALUES (8, 8, '래플 이벤트가 열리면 어떻게 하시겠나요?', 'RAFFLE');
--
-- INSERT INTO PHTI_CHOICE(PHTI_CHOICE_ID, PHTI_QUESTION_ID, CHOICE_ORDER, CHOICE_TEXT, MAPPED_TYPE)
-- VALUES (SEQ_PHTI_CHOICE.NEXTVAL, 8, 1, '확률이 낮아도 무조건 도전한다', 'D');
-- INSERT INTO PHTI_CHOICE(PHTI_CHOICE_ID, PHTI_QUESTION_ID, CHOICE_ORDER, CHOICE_TEXT, MAPPED_TYPE)
-- VALUES (SEQ_PHTI_CHOICE.NEXTVAL, 8, 2, '새로운 래플 알람이 오면 바로 신청한다', 'D');
-- INSERT INTO PHTI_CHOICE(PHTI_CHOICE_ID, PHTI_QUESTION_ID, CHOICE_ORDER, CHOICE_TEXT, MAPPED_TYPE)
-- VALUES (SEQ_PHTI_CHOICE.NEXTVAL, 8, 3, '래플보다는 확실한 포인트 사용이 낫다', 'A');
-- INSERT INTO PHTI_CHOICE(PHTI_CHOICE_ID, PHTI_QUESTION_ID, CHOICE_ORDER, CHOICE_TEXT, MAPPED_TYPE)
-- VALUES (SEQ_PHTI_CHOICE.NEXTVAL, 8, 4, '포인트가 모이면 안정적으로 쓰는 걸 선호한다', 'A');
--
--
-- -- 9. 포인트 사용 습관 (Q9)
-- INSERT INTO PHTI_QUESTION (PHTI_QUESTION_ID, QUESTION_ORDER, QUESTION_TEXT, QUESTION_TYPE)
-- VALUES (9, 9, '포인트는 주로 어떻게 쓰시나요?', 'POINT');
-- INSERT INTO PHTI_CHOICE(PHTI_CHOICE_ID, PHTI_QUESTION_ID, CHOICE_ORDER, CHOICE_TEXT, MAPPED_TYPE)
-- VALUES (SEQ_PHTI_CHOICE.NEXTVAL, 9, 1, '목표 금액을 정해두고 모아둔다', 'S');
-- INSERT INTO PHTI_CHOICE(PHTI_CHOICE_ID, PHTI_QUESTION_ID, CHOICE_ORDER, CHOICE_TEXT, MAPPED_TYPE)
-- VALUES (SEQ_PHTI_CHOICE.NEXTVAL, 9, 2, '쉽게 쓰지 않고 특별한 때만 쓴다', 'S');
-- INSERT INTO PHTI_CHOICE(PHTI_CHOICE_ID, PHTI_QUESTION_ID, CHOICE_ORDER, CHOICE_TEXT, MAPPED_TYPE)
-- VALUES (SEQ_PHTI_CHOICE.NEXTVAL, 9, 3, '포인트가 생기면 바로바로 교환한다', 'I');
-- INSERT INTO PHTI_CHOICE(PHTI_CHOICE_ID, PHTI_QUESTION_ID, CHOICE_ORDER, CHOICE_TEXT, MAPPED_TYPE)
-- VALUES (SEQ_PHTI_CHOICE.NEXTVAL, 9, 4, '적은 포인트라도 자주 쓰는 걸 좋아한다', 'I');


-- 100. 새로운 활동 참여 의향
INSERT INTO PHTI_QUESTION (PHTI_QUESTION_ID, QUESTION_ORDER, QUESTION_TEXT, QUESTION_TYPE)
VALUES (100, 1, '새로운 이벤트나 활동이 열리면 어떻게 하시나요?', 'ECO');
INSERT INTO PHTI_CHOICE
VALUES (1000, 100, 1, '무조건 참여해 본다', 'E');
INSERT INTO PHTI_CHOICE
VALUES (1001, 100, 2, '흥미로운 것만 골라서 참여한다', 'C');
INSERT INTO PHTI_CHOICE
VALUES (1002, 100, 3, '주변 권유가 있어야 참여한다', 'A');
INSERT INTO PHTI_CHOICE
VALUES (1003, 100, 4, '거의 참여하지 않는다', 'S');

-- 101. 소비 습관
INSERT INTO PHTI_QUESTION
VALUES (101, 2, '원하는 상품이 있으면 어떻게 하시나요?', 'VALUE');
INSERT INTO PHTI_CHOICE
VALUES (1004, 101, 1, '바로 구매한다', 'I');
INSERT INTO PHTI_CHOICE
VALUES (1005, 101, 2, '할인이나 혜택을 기다린다', 'P');
INSERT INTO PHTI_CHOICE
VALUES (1006, 101, 3, '꼭 필요할 때만 구매한다', 'S');
INSERT INTO PHTI_CHOICE
VALUES (1007, 101, 4, '구매보다는 다른 대안을 찾는다', 'G');

-- 102. 포인트/혜택 활용 방식
INSERT INTO PHTI_QUESTION
VALUES (102, 3, '포인트나 쿠폰을 받으면 어떻게 하시나요?', 'POINT');
INSERT INTO PHTI_CHOICE
VALUES (1008, 102, 1, '생기자마자 바로 사용한다', 'I');
INSERT INTO PHTI_CHOICE
VALUES (1009, 102, 2, '필요할 때를 위해 모아둔다', 'S');
INSERT INTO PHTI_CHOICE
VALUES (1010, 102, 3, '특별한 날에 몰아서 사용한다', 'P');
INSERT INTO PHTI_CHOICE
VALUES (1011, 102, 4, '웬만하면 잘 쓰지 않는다', 'A');

-- 103. 기부/나눔 태도
INSERT INTO PHTI_QUESTION
VALUES (103, 4, '기부나 나눔 활동에 대해 어떻게 생각하시나요?', 'VALUE');
INSERT INTO PHTI_CHOICE
VALUES (1012, 103, 1, '자주 참여한다', 'G');
INSERT INTO PHTI_CHOICE
VALUES (1013, 103, 2, '여유가 있을 때 가끔 한다', 'P');
INSERT INTO PHTI_CHOICE
VALUES (1014, 103, 3, '특별한 상황일 때만 한다', 'A');
INSERT INTO PHTI_CHOICE
VALUES (1015, 103, 4, '관심은 있지만 실행은 잘 안 한다', 'C');

-- 104. 이벤트 참여 성향
INSERT INTO PHTI_QUESTION
VALUES (104, 5, '추첨이나 래플 이벤트가 있으면?', 'RAFFLE');
INSERT INTO PHTI_CHOICE
VALUES (1016, 104, 1, '확률과 상관없이 무조건 참여', 'D');
INSERT INTO PHTI_CHOICE
VALUES (1017, 104, 2, '경쟁률을 따져보고 참여', 'A');
INSERT INTO PHTI_CHOICE
VALUES (1018, 104, 3, '가끔 재미 삼아 참여', 'C');
INSERT INTO PHTI_CHOICE
VALUES (1019, 104, 4, '관심 없다', 'S');

-- 105. 새로운 기능 접할 때 태도
INSERT INTO PHTI_QUESTION
VALUES (105, 6, '처음 보는 기능이나 서비스가 생기면?', 'ECO');
INSERT INTO PHTI_CHOICE
VALUES (1020, 105, 1, '직접 눌러보고 바로 체험한다', 'E');
INSERT INTO PHTI_CHOICE
VALUES (1021, 105, 2, '설명을 읽어보고 참여한다', 'C');
INSERT INTO PHTI_CHOICE
VALUES (1022, 105, 3, '주변 평가를 보고 결정한다', 'A');
INSERT INTO PHTI_CHOICE
VALUES (1023, 105, 4, '웬만하면 그냥 넘어간다', 'S');

-- 106. 시간/노력 투자 태도
INSERT INTO PHTI_QUESTION
VALUES (106, 7, '조금 번거롭지만 보상이 큰 활동이 있다면?', 'VALUE');
INSERT INTO PHTI_CHOICE
VALUES (1024, 106, 1, '시간이 걸려도 꼭 해본다', 'E');
INSERT INTO PHTI_CHOICE
VALUES (1025, 106, 2, '조건이 맞으면 해본다', 'C');
INSERT INTO PHTI_CHOICE
VALUES (1026, 106, 3, '간단하면 참여한다', 'P');
INSERT INTO PHTI_CHOICE
VALUES (1027, 106, 4, '귀찮아서 안 한다', 'A');

-- 107. 새로운 경험 vs 안정성
INSERT INTO PHTI_QUESTION
VALUES (107, 8, '새로운 경험과 안정적인 선택 중 무엇을 선호하시나요?', 'POINT');
INSERT INTO PHTI_CHOICE
VALUES (1028, 107, 1, '무조건 새로운 경험!', 'E');
INSERT INTO PHTI_CHOICE
VALUES (1029, 107, 2, '새롭지만 어느 정도 안전할 때만', 'C');
INSERT INTO PHTI_CHOICE
VALUES (1030, 107, 3, '안정적인 선택 위주', 'S');
INSERT INTO PHTI_CHOICE
VALUES (1031, 107, 4, '안정 + 가성비 최우선', 'P');

-- 108. 친구 추천에 대한 태도
INSERT INTO PHTI_QUESTION
VALUES (108, 9, '친구가 추천한 활동이 있다면?', 'ECO');
INSERT INTO PHTI_CHOICE
VALUES (1032, 108, 1, '바로 같이 참여한다', 'E');
INSERT INTO PHTI_CHOICE
VALUES (1033, 108, 2, '관심이 있으면 참여한다', 'C');
INSERT INTO PHTI_CHOICE
VALUES (1034, 108, 3, '대부분은 듣고만 넘긴다', 'A');
INSERT INTO PHTI_CHOICE
VALUES (1035, 108, 4, '거의 참여하지 않는다', 'S');

-- 109. 리스크 감수 성향
INSERT INTO PHTI_QUESTION
VALUES (109, 10, '보상이 크지만 성공 확률이 낮은 기회라면?', 'RAFFLE');
INSERT INTO PHTI_CHOICE
VALUES (1036, 109, 1, '도전한다', 'D');
INSERT INTO PHTI_CHOICE
VALUES (1037, 109, 2, '상황을 보고 판단한다', 'C');
INSERT INTO PHTI_CHOICE
VALUES (1038, 109, 3, '확실한 기회를 기다린다', 'S');
INSERT INTO PHTI_CHOICE
VALUES (1039, 109, 4, '리스크는 피한다', 'A');

-- 110. 장기 목표 vs 단기 만족
INSERT INTO PHTI_QUESTION
VALUES (110, 11, '당신은 장기 목표와 단기 만족 중 어느 쪽인가요?', 'POINT');
INSERT INTO PHTI_CHOICE
VALUES (1040, 110, 1, '장기 목표를 위해 꾸준히 모은다', 'S');
INSERT INTO PHTI_CHOICE
VALUES (1041, 110, 2, '특별한 순간에 한 번에 쓴다', 'P');
INSERT INTO PHTI_CHOICE
VALUES (1042, 110, 3, '생기면 바로 쓴다', 'I');
INSERT INTO PHTI_CHOICE
VALUES (1043, 110, 4, '상황에 따라 유동적으로 한다', 'C');

-- 111. 사회적 가치 지향
INSERT INTO PHTI_QUESTION
VALUES (111, 12, '가격보다 사회적/환경적 가치를 더 중시하나요?', 'VALUE');
INSERT INTO PHTI_CHOICE
VALUES (1044, 111, 1, '항상 가치를 먼저 본다', 'G');
INSERT INTO PHTI_CHOICE
VALUES (1045, 111, 2, '가끔은 가치를 우선한다', 'P');
INSERT INTO PHTI_CHOICE
VALUES (1046, 111, 3, '상황에 따라 달라진다', 'C');
INSERT INTO PHTI_CHOICE
VALUES (1047, 111, 4, '가성비가 최우선이다', 'A');

-- 112. 새로운 사람들과의 활동
INSERT INTO PHTI_QUESTION
VALUES (112, 13, '새로운 사람들과 함께하는 활동에 대해?', 'ECO');
INSERT INTO PHTI_CHOICE
VALUES (1048, 112, 1, '즐겁게 바로 참여한다', 'E');
INSERT INTO PHTI_CHOICE
VALUES (1049, 112, 2, '조심스럽게 참여한다', 'C');
INSERT INTO PHTI_CHOICE
VALUES (1050, 112, 3, '가끔 참여한다', 'A');
INSERT INTO PHTI_CHOICE
VALUES (1051, 112, 4, '웬만하면 피한다', 'S');

-- 113. 재정 계획 성향
INSERT INTO PHTI_QUESTION
VALUES (113, 14, '당신은 재정을 어떻게 관리하시나요?', 'POINT');
INSERT INTO PHTI_CHOICE
VALUES (1052, 113, 1, '꼼꼼히 계획을 세워 관리한다', 'S');
INSERT INTO PHTI_CHOICE
VALUES (1053, 113, 2, '필요할 때마다 즉흥적으로 쓴다', 'I');
INSERT INTO PHTI_CHOICE
VALUES (1054, 113, 3, '큰 이벤트 위주로 쓴다', 'P');
INSERT INTO PHTI_CHOICE
VALUES (1055, 113, 4, '적당히 균형을 맞춘다', 'C');

-- 114. 위험 vs 안정 투자 성향
INSERT INTO PHTI_QUESTION
VALUES (114, 15, '투자 기회가 있을 때 당신의 선택은?', 'RAFFLE');
INSERT INTO PHTI_CHOICE
VALUES (1056, 114, 1, '리스크가 커도 도전한다', 'D');
INSERT INTO PHTI_CHOICE
VALUES (1057, 114, 2, '리스크와 보상을 따져본다', 'C');
INSERT INTO PHTI_CHOICE
VALUES (1058, 114, 3, '안정적인 선택을 한다', 'S');
INSERT INTO PHTI_CHOICE
VALUES (1059, 114, 4, '거의 하지 않는다', 'A');

-- 115. 즐거움 vs 실속
INSERT INTO PHTI_QUESTION
VALUES (115, 16, '소비할 때 즐거움과 실속 중 무엇을 우선하시나요?', 'VALUE');
INSERT INTO PHTI_CHOICE
VALUES (1060, 115, 1, '즐거움! 경험이 우선이다', 'E');
INSERT INTO PHTI_CHOICE
VALUES (1061, 115, 2, '즐거움도 챙기지만 실속이 중요하다', 'C');
INSERT INTO PHTI_CHOICE
VALUES (1062, 115, 3, '실속과 가성비가 최우선', 'P');
INSERT INTO PHTI_CHOICE
VALUES (1063, 115, 4, '웬만하면 절약한다', 'S');

commit;

-- ------------------------  MEMBER_PHTI_ANSWER 테이블 ------------------------
DROP TABLE MEMBER_PHTI_ANSWER;
CREATE TABLE MEMBER_PHTI_ANSWER
(
    MEMBER_PHTI_ANSWER_ID NUMBER PRIMARY KEY,
    MEMBER_ID             NUMBER               NOT NULL,
    PHTI_QUESTION_ID      NUMBER               NOT NULL,
    PHTI_CHOICE_ID        NUMBER               NOT NULL,
    CREATED_AT            DATE DEFAULT SYSDATE NOT NULL,
    CONSTRAINT FK_ANSWER_MEMBER FOREIGN KEY (MEMBER_ID) REFERENCES MEMBER (MEMBER_ID),
    CONSTRAINT FK_ANSWER_QUESTION FOREIGN KEY (PHTI_QUESTION_ID) REFERENCES PHTI_QUESTION (PHTI_QUESTION_ID),
    CONSTRAINT FK_ANSWER_CHOICE FOREIGN KEY (PHTI_CHOICE_ID) REFERENCES PHTI_CHOICE (PHTI_CHOICE_ID)
);
DROP SEQUENCE SEQ_MEMBER_PHTI_ANSWER;
CREATE SEQUENCE SEQ_MEMBER_PHTI_ANSWER START WITH 1 INCREMENT BY 1 NOCACHE NOCYCLE;

commit;
