commit;
-- ------------------------  PHTI 테이블 ------------------------
DROP TABLE PHTI;
CREATE TABLE PHTI
(
    PHTI_ID          NUMBER PRIMARY KEY,
    PHTI_NAME        VARCHAR2(100)  NOT NULL,
    PHTI_ALIAS       VARCHAR2(1000) NOT NULL,
    PHTI_DESCRIPTION VARCHAR2(3000) NOT NULL
);

-- PHTI 테이블 INSERT
INSERT INTO PHTI (PHTI_ID, PHTI_NAME, PHTI_ALIAS, PHTI_DESCRIPTION)
VALUES (1, 'EGDS', '탐험적 기부 저축가',
        '환경을 적극적으로 탐험하며 기부에도 앞장서는 타입. 새로운 경험에 도전하면서도 포인트는 차곡차곡 모아두며 미래를 대비하는 안정적이면서도 도전적인 균형형 성향.');

INSERT INTO PHTI (PHTI_ID, PHTI_NAME, PHTI_ALIAS, PHTI_DESCRIPTION)
VALUES (2, 'EGDI', '열정적 기부 소비가',
        '활동적이고 기부에도 적극적인 성격으로 래플 같은 이벤트에도 과감히 참여. 포인트는 생기면 바로 써버리며 즉각적인 만족을 추구하는 활발하고 에너제틱한 소비자형.');

INSERT INTO PHTI (PHTI_ID, PHTI_NAME, PHTI_ALIAS, PHTI_DESCRIPTION)
VALUES (3, 'EGAS', '안정적 기부 저축가',
        '친환경 활동과 기부에 꾸준히 참여하지만 래플 같은 불확실성에는 큰 매력을 느끼지 않음. 포인트는 모아두며 안정적 소비를 지향하는 신중한 스타일.');

INSERT INTO PHTI (PHTI_ID, PHTI_NAME, PHTI_ALIAS, PHTI_DESCRIPTION)
VALUES (4, 'EGAI', '즉각적 기부 소비가',
        '에코 활동과 기부에 열정적이지만 래플 같은 활동은 피하고 실속 있는 소비를 선호. 포인트는 생기는 즉시 활용하며 순간의 가치를 중시.');

INSERT INTO PHTI (PHTI_ID, PHTI_NAME, PHTI_ALIAS, PHTI_DESCRIPTION)
VALUES (5, 'EPDS', '실속 탐험 저축가',
        '새로운 친환경 활동을 즐기고 실속도 챙기며 래플에도 도전. 그러나 포인트는 모아두어 안정감을 추구하는 호기심과 절약을 동시에 가진 타입.');

INSERT INTO PHTI (PHTI_ID, PHTI_NAME, PHTI_ALIAS, PHTI_DESCRIPTION)
VALUES (6, 'EPDI', '실속 탐험 소비가',
        '탐험가답게 다양한 에코 활동에 적극적이고 실속도 챙김. 래플도 즐기며 포인트는 즉시 활용해 경험을 중시하는 에너지와 실행력이 돋보이는 타입.');

INSERT INTO PHTI (PHTI_ID, PHTI_NAME, PHTI_ALIAS, PHTI_DESCRIPTION)
VALUES (7, 'EPAS', '신중 실속 저축가',
        '실속을 중시하면서도 친환경 활동에는 적극적. 래플은 피하고 포인트는 저축해 두는 안정지향형으로 계획적인 소비 스타일.');

INSERT INTO PHTI (PHTI_ID, PHTI_NAME, PHTI_ALIAS, PHTI_DESCRIPTION)
VALUES (8, 'EPAI', '신중 실속 소비가',
        '에코 활동에는 성실히 참여하지만 전반적으로 실속을 우선. 래플은 피하고 포인트는 즉시 사용하며 당장의 효용을 중요하게 여김.');

INSERT INTO PHTI (PHTI_ID, PHTI_NAME, PHTI_ALIAS, PHTI_DESCRIPTION)
VALUES (9, 'CGDS', '열정 수집 저축가',
        '특정 에코 아이템을 꾸준히 모으며 기부에도 열정적. 래플에도 도전하지만 포인트는 아껴두어 꾸준함과 전략성을 함께 가짐.');

INSERT INTO PHTI (PHTI_ID, PHTI_NAME, PHTI_ALIAS, PHTI_DESCRIPTION)
VALUES (10, 'CGDI', '열정 수집 소비가',
        '수집가형 성향으로 기부에도 적극적이며 래플에도 도전. 포인트는 바로 써버리는 쾌활한 소비자 스타일로 순간의 즐거움을 중시.');

INSERT INTO PHTI (PHTI_ID, PHTI_NAME, PHTI_ALIAS, PHTI_DESCRIPTION)
VALUES (11, 'CGAS', '신중 수집 저축가',
        '수집과 기부를 동시에 즐기지만 래플은 피하는 경향. 포인트는 저축하며 차분하고 계획적인 태도를 보이는 타입.');

INSERT INTO PHTI (PHTI_ID, PHTI_NAME, PHTI_ALIAS, PHTI_DESCRIPTION)
VALUES (12, 'CGAI', '신중 수집 소비가',
        '조용히 모으는 것을 즐기고 기부도 꾸준히 이어감. 그러나 래플은 피하고 포인트는 즉시 소비하는 단순하면서도 실속 있는 생활 방식.');

INSERT INTO PHTI (PHTI_ID, PHTI_NAME, PHTI_ALIAS, PHTI_DESCRIPTION)
VALUES (13, 'CPDS', '실속 수집 저축가',
        '수집가형이면서도 실속을 챙기며 래플에도 도전. 그러나 포인트는 모아두어 철저히 계획된 소비를 지향하는 타입.');

INSERT INTO PHTI (PHTI_ID, PHTI_NAME, PHTI_ALIAS, PHTI_DESCRIPTION)
VALUES (14, 'CPDI', '실속 수집 소비가',
        '수집을 즐기면서도 현실적인 실속을 챙기며 래플에도 도전. 포인트는 즉시 활용해 경험과 효용을 동시에 추구하는 타입.');

INSERT INTO PHTI (PHTI_ID, PHTI_NAME, PHTI_ALIAS, PHTI_DESCRIPTION)
VALUES (15, 'CPAS', '안정 수집 저축가',
        '수집가형 + 실속파 성향을 지니며 래플은 피하는 신중파. 포인트도 모아두며 안정성과 계획성을 중시.');

INSERT INTO PHTI (PHTI_ID, PHTI_NAME, PHTI_ALIAS, PHTI_DESCRIPTION)
VALUES (16, 'CPAI', '안정 수집 소비가',
        '수집을 즐기면서도 실속 위주로 생활하고 래플은 피하는 편. 포인트는 즉시 써버리며 당장의 가치와 효용을 우선하는 타입.');

commit;
-- ------------------------  MEMBER_PHTI 테이블 ------------------------
DROP TABLE MEMBER_PHTI;
CREATE TABLE MEMBER_PHTI
(
    MEMBER_PHTI_ID                  NUMBER PRIMARY KEY,
    PRIMARY_PHTI                    VARCHAR2(255)        NOT NULL,
    PRIMARY_PHTI_CUSTOM_DESCRIPTION VARCHAR2(255),
    SECONDARY_PHTI                  VARCHAR2(255),
    TERTIARY_PHTI                   VARCHAR2(255),
    ECO_CHOICE_RATIO                NUMBER,
    VALUE_CHOICE_RATIO              NUMBER,
    RAFFLE_CHOICE_RATIO             NUMBER,
    POINT_CHOICE_RATIO              NUMBER,
    MEMBER_ID                       NUMBER               NOT NULL,
    CREATED_AT                      DATE DEFAULT SYSDATE NOT NULL,
    UPDATED_AT                      DATE,
    CONSTRAINT FK_MEMBER_PHTI_MEMBER FOREIGN KEY (member_id) REFERENCES member (member_id)
);

DROP SEQUENCE SEQ_MEMBER_PHTI;
CREATE SEQUENCE SEQ_MEMBER_PHTI START WITH 1 INCREMENT BY 1 NOCACHE NOCYCLE;


-- ------------------------  PHTI_QUESTION 테이블 ------------------------
DROP TABLE PHTI_QUESTION;
CREATE TABLE PHTI_QUESTION
(
    PHTI_QUESTION_ID NUMBER PRIMARY KEY,
    QUESTION_ORDER   NUMBER               NOT NULL,
    QUESTION_TEXT    VARCHAR2(1023)       NOT NULL,
    QUESTION_TYPE    VARCHAR2(1023)       NOT NULL
        CHECK (QUESTION_TYPE IN ('ECO', 'VALUE', 'RAFFLE', 'POINT')),
    CREATED_AT       DATE DEFAULT SYSDATE NOT NULL,
    UPDATED_AT       DATE
);
-- ------------------------  PHTI_CHOICE 테이블 ------------------------
DROP TABLE PHTI_CHOICE;
CREATE TABLE PHTI_CHOICE
(
    PHTI_CHOICE_ID   NUMBER PRIMARY KEY,
    PHTI_QUESTION_ID NUMBER               NOT NULL,
    CHOICE_ORDER     NUMBER               NOT NULL,
    CHOICE_TEXT      VARCHAR2(1023)       NOT NULL,
    MAPPED_TYPE      CHAR(1)              NOT NULL
        CHECK (MAPPED_TYPE IN ('E', 'C', 'G', 'P', 'D', 'A', 'S', 'I')),
    CREATED_AT       DATE DEFAULT SYSDATE NOT NULL,
    UPDATED_AT       DATE,
    CONSTRAINT FK_PHTI_CHOICE_QUESTION FOREIGN KEY (PHTI_QUESTION_ID) REFERENCES PHTI_QUESTION (PHTI_QUESTION_ID)
);

DROP SEQUENCE SEQ_PHTI_CHOICE;
CREATE SEQUENCE SEQ_PHTI_CHOICE START WITH 1 INCREMENT BY 1 NOCACHE NOCYCLE;
-- PHTI 질문 INSERT

-- 1. 에코 소비 성향 (Q1)
INSERT INTO PHTI_QUESTION (PHTI_QUESTION_ID, QUESTION_ORDER, QUESTION_TEXT, QUESTION_TYPE)
VALUES (1, 1, '텀블러, 종이백 미사용 같은 친환경 행동에 얼마나 자주 참여하시나요?', 'ECO');

INSERT INTO PHTI_CHOICE (PHTI_CHOICE_ID, PHTI_QUESTION_ID, CHOICE_ORDER, CHOICE_TEXT, MAPPED_TYPE)
VALUES (SEQ_PHTI_CHOICE.NEXTVAL, 1, 1, '거의 매번 참여한다 (주 3회 이상)', 'E');
INSERT INTO PHTI_CHOICE (PHTI_CHOICE_ID, PHTI_QUESTION_ID, CHOICE_ORDER, CHOICE_TEXT, MAPPED_TYPE)
VALUES (SEQ_PHTI_CHOICE.NEXTVAL, 1, 2, '새로운 에코 이벤트가 나오면 꼭 시도해본다', 'E');
INSERT INTO PHTI_CHOICE (PHTI_CHOICE_ID, PHTI_QUESTION_ID, CHOICE_ORDER, CHOICE_TEXT, MAPPED_TYPE)
VALUES (SEQ_PHTI_CHOICE.NEXTVAL, 1, 3, '특별한 경우 아니면 잘 참여하지 않는다', 'C');
INSERT INTO PHTI_CHOICE (PHTI_CHOICE_ID, PHTI_QUESTION_ID, CHOICE_ORDER, CHOICE_TEXT, MAPPED_TYPE)
VALUES (SEQ_PHTI_CHOICE.NEXTVAL, 1, 4, '에코스톡보다는 조용히 포인트 모으는 걸 선호한다', 'C');


-- 2. 정기적인 기부 습관 (Q2)
INSERT INTO PHTI_QUESTION (PHTI_QUESTION_ID, QUESTION_ORDER, QUESTION_TEXT, QUESTION_TYPE)
VALUES (2, 2, '정기적인 기부를 하시는 편인가요?', 'VALUE');

INSERT INTO PHTI_CHOICE(PHTI_CHOICE_ID, PHTI_QUESTION_ID, CHOICE_ORDER, CHOICE_TEXT, MAPPED_TYPE)
VALUES (SEQ_PHTI_CHOICE.NEXTVAL, 2, 1, '매주 혹은 매달 꾸준히 한다', 'G');
INSERT INTO PHTI_CHOICE(PHTI_CHOICE_ID, PHTI_QUESTION_ID, CHOICE_ORDER, CHOICE_TEXT, MAPPED_TYPE)
VALUES (SEQ_PHTI_CHOICE.NEXTVAL, 2, 2, '1년에 몇 번 정도는 한다', 'G');
INSERT INTO PHTI_CHOICE(PHTI_CHOICE_ID, PHTI_QUESTION_ID, CHOICE_ORDER, CHOICE_TEXT, MAPPED_TYPE)
VALUES (SEQ_PHTI_CHOICE.NEXTVAL, 2, 3, '아주 특별한 경우에만 한다 (예: 재난 모금)', 'P');
INSERT INTO PHTI_CHOICE(PHTI_CHOICE_ID, PHTI_QUESTION_ID, CHOICE_ORDER, CHOICE_TEXT, MAPPED_TYPE)
VALUES (SEQ_PHTI_CHOICE.NEXTVAL, 2, 4, '기부는 거의 하지 않는다', 'P');


-- 3. 포인트 적립/할인 습관 (Q3)
INSERT INTO PHTI_QUESTION (PHTI_QUESTION_ID, QUESTION_ORDER, QUESTION_TEXT, QUESTION_TYPE)
VALUES (3, 3, '포인트 적립이나 할인을 꼭 챙기시는 편인가요?', 'VALUE');

INSERT INTO PHTI_CHOICE(PHTI_CHOICE_ID, PHTI_QUESTION_ID, CHOICE_ORDER, CHOICE_TEXT, MAPPED_TYPE)
VALUES (SEQ_PHTI_CHOICE.NEXTVAL, 3, 1, '거의 항상 챙긴다 (결제 전에 꼭 확인)', 'P');
INSERT INTO PHTI_CHOICE(PHTI_CHOICE_ID, PHTI_QUESTION_ID, CHOICE_ORDER, CHOICE_TEXT, MAPPED_TYPE)
VALUES (SEQ_PHTI_CHOICE.NEXTVAL, 3, 2, '자주 챙기지만 가끔은 놓친다', 'P');
INSERT INTO PHTI_CHOICE(PHTI_CHOICE_ID, PHTI_QUESTION_ID, CHOICE_ORDER, CHOICE_TEXT, MAPPED_TYPE)
VALUES (SEQ_PHTI_CHOICE.NEXTVAL, 3, 3, '할인보다 의미 있는 소비(기부/친환경)를 우선한다', 'G');
INSERT INTO PHTI_CHOICE(PHTI_CHOICE_ID, PHTI_QUESTION_ID, CHOICE_ORDER, CHOICE_TEXT, MAPPED_TYPE)
VALUES (SEQ_PHTI_CHOICE.NEXTVAL, 3, 4, '귀찮아서 잘 안 챙긴다', 'G');


-- 4. 가격 vs 가치 (Q4)
INSERT INTO PHTI_QUESTION (PHTI_QUESTION_ID, QUESTION_ORDER, QUESTION_TEXT, QUESTION_TYPE)
VALUES (4, 4, '결제할 때 가격 vs 가치 중 무엇을 더 중요하게 보시나요?', 'VALUE');

INSERT INTO PHTI_CHOICE(PHTI_CHOICE_ID, PHTI_QUESTION_ID, CHOICE_ORDER, CHOICE_TEXT, MAPPED_TYPE)
VALUES (SEQ_PHTI_CHOICE.NEXTVAL, 4, 1, '결제 시 기부 옵션이 있으면 꼭 체크한다', 'G');
INSERT INTO PHTI_CHOICE(PHTI_CHOICE_ID, PHTI_QUESTION_ID, CHOICE_ORDER, CHOICE_TEXT, MAPPED_TYPE)
VALUES (SEQ_PHTI_CHOICE.NEXTVAL, 4, 2, '가격이 조금 비싸더라도 친환경/가치소비를 선택한다', 'G');
INSERT INTO PHTI_CHOICE(PHTI_CHOICE_ID, PHTI_QUESTION_ID, CHOICE_ORDER, CHOICE_TEXT, MAPPED_TYPE)
VALUES (SEQ_PHTI_CHOICE.NEXTVAL, 4, 3, '할인 쿠폰/포인트 적립을 꼭 챙긴다', 'P');
INSERT INTO PHTI_CHOICE(PHTI_CHOICE_ID, PHTI_QUESTION_ID, CHOICE_ORDER, CHOICE_TEXT, MAPPED_TYPE)
VALUES (SEQ_PHTI_CHOICE.NEXTVAL, 4, 4, '기부보다는 실속 있는 가격 혜택이 더 중요하다', 'P');


-- 5. 복권 습관 (Q5)
INSERT INTO PHTI_QUESTION (PHTI_QUESTION_ID, QUESTION_ORDER, QUESTION_TEXT, QUESTION_TYPE)
VALUES (5, 5, '복권을 자주 사시는 편인가요?', 'RAFFLE');

INSERT INTO PHTI_CHOICE(PHTI_CHOICE_ID, PHTI_QUESTION_ID, CHOICE_ORDER, CHOICE_TEXT, MAPPED_TYPE)
VALUES (SEQ_PHTI_CHOICE.NEXTVAL, 5, 1, '주에 1번 이상', 'D');
INSERT INTO PHTI_CHOICE(PHTI_CHOICE_ID, PHTI_QUESTION_ID, CHOICE_ORDER, CHOICE_TEXT, MAPPED_TYPE)
VALUES (SEQ_PHTI_CHOICE.NEXTVAL, 5, 2, '한 달에 1번 이상', 'D');
INSERT INTO PHTI_CHOICE(PHTI_CHOICE_ID, PHTI_QUESTION_ID, CHOICE_ORDER, CHOICE_TEXT, MAPPED_TYPE)
VALUES (SEQ_PHTI_CHOICE.NEXTVAL, 5, 3, '1년에 1번 이상', 'A');
INSERT INTO PHTI_CHOICE(PHTI_CHOICE_ID, PHTI_QUESTION_ID, CHOICE_ORDER, CHOICE_TEXT, MAPPED_TYPE)
VALUES (SEQ_PHTI_CHOICE.NEXTVAL, 5, 4, '5년에 1번 이상', 'A');
INSERT INTO PHTI_CHOICE(PHTI_CHOICE_ID, PHTI_QUESTION_ID, CHOICE_ORDER, CHOICE_TEXT, MAPPED_TYPE)
VALUES (SEQ_PHTI_CHOICE.NEXTVAL, 5, 5, '사본적이 없음', 'A');


-- 6. 원하는 상품이 래플로만 제공 (Q6)
INSERT INTO PHTI_QUESTION (PHTI_QUESTION_ID, QUESTION_ORDER, QUESTION_TEXT, QUESTION_TYPE)
VALUES (6, 6, '원하는 상품이 래플로만 제공된다면 어떻게 하시겠나요?', 'RAFFLE');

INSERT INTO PHTI_CHOICE(PHTI_CHOICE_ID, PHTI_QUESTION_ID, CHOICE_ORDER, CHOICE_TEXT, MAPPED_TYPE)
VALUES (SEQ_PHTI_CHOICE.NEXTVAL, 6, 1, '무조건 참여한다, 확률은 중요하지 않다', 'D');
INSERT INTO PHTI_CHOICE(PHTI_CHOICE_ID, PHTI_QUESTION_ID, CHOICE_ORDER, CHOICE_TEXT, MAPPED_TYPE)
VALUES (SEQ_PHTI_CHOICE.NEXTVAL, 6, 2, '경쟁률을 따져보고 유리할 때만 참여한다', 'D');
INSERT INTO PHTI_CHOICE(PHTI_CHOICE_ID, PHTI_QUESTION_ID, CHOICE_ORDER, CHOICE_TEXT, MAPPED_TYPE)
VALUES (SEQ_PHTI_CHOICE.NEXTVAL, 6, 3, '기다렸다가 포인트로 살 수 있으면 그걸 선택한다', 'A');
INSERT INTO PHTI_CHOICE(PHTI_CHOICE_ID, PHTI_QUESTION_ID, CHOICE_ORDER, CHOICE_TEXT, MAPPED_TYPE)
VALUES (SEQ_PHTI_CHOICE.NEXTVAL, 6, 4, '래플은 귀찮으니 그냥 포기한다', 'A');


-- 7. 래플 응모 경험 (Q7)
INSERT INTO PHTI_QUESTION (PHTI_QUESTION_ID, QUESTION_ORDER, QUESTION_TEXT, QUESTION_TYPE)
VALUES (7, 7, '래플에 응모한 경험이 있나요?', 'RAFFLE');

INSERT INTO PHTI_CHOICE(PHTI_CHOICE_ID, PHTI_QUESTION_ID, CHOICE_ORDER, CHOICE_TEXT, MAPPED_TYPE)
VALUES (SEQ_PHTI_CHOICE.NEXTVAL, 7, 1, '자주 한다 (한 달에 1번 이상)', 'D');
INSERT INTO PHTI_CHOICE(PHTI_CHOICE_ID, PHTI_QUESTION_ID, CHOICE_ORDER, CHOICE_TEXT, MAPPED_TYPE)
VALUES (SEQ_PHTI_CHOICE.NEXTVAL, 7, 2, '가끔 한다 (1년에 몇 번 정도)', 'D');
INSERT INTO PHTI_CHOICE(PHTI_CHOICE_ID, PHTI_QUESTION_ID, CHOICE_ORDER, CHOICE_TEXT, MAPPED_TYPE)
VALUES (SEQ_PHTI_CHOICE.NEXTVAL, 7, 3, '거의 안 한다 (손에 꼽을 정도)', 'A');
INSERT INTO PHTI_CHOICE(PHTI_CHOICE_ID, PHTI_QUESTION_ID, CHOICE_ORDER, CHOICE_TEXT, MAPPED_TYPE)
VALUES (SEQ_PHTI_CHOICE.NEXTVAL, 7, 4, '한 번도 해본 적 없다', 'A');


-- 8. 래플 이벤트 대응 (Q8)
INSERT INTO PHTI_QUESTION (PHTI_QUESTION_ID, QUESTION_ORDER, QUESTION_TEXT, QUESTION_TYPE)
VALUES (8, 8, '래플 이벤트가 열리면 어떻게 하시겠나요?', 'RAFFLE');

INSERT INTO PHTI_CHOICE(PHTI_CHOICE_ID, PHTI_QUESTION_ID, CHOICE_ORDER, CHOICE_TEXT, MAPPED_TYPE)
VALUES (SEQ_PHTI_CHOICE.NEXTVAL, 8, 1, '확률이 낮아도 무조건 도전한다', 'D');
INSERT INTO PHTI_CHOICE(PHTI_CHOICE_ID, PHTI_QUESTION_ID, CHOICE_ORDER, CHOICE_TEXT, MAPPED_TYPE)
VALUES (SEQ_PHTI_CHOICE.NEXTVAL, 8, 2, '새로운 래플 알람이 오면 바로 신청한다', 'D');
INSERT INTO PHTI_CHOICE(PHTI_CHOICE_ID, PHTI_QUESTION_ID, CHOICE_ORDER, CHOICE_TEXT, MAPPED_TYPE)
VALUES (SEQ_PHTI_CHOICE.NEXTVAL, 8, 3, '래플보다는 확실한 포인트 사용이 낫다', 'A');
INSERT INTO PHTI_CHOICE(PHTI_CHOICE_ID, PHTI_QUESTION_ID, CHOICE_ORDER, CHOICE_TEXT, MAPPED_TYPE)
VALUES (SEQ_PHTI_CHOICE.NEXTVAL, 8, 4, '포인트가 모이면 안정적으로 쓰는 걸 선호한다', 'A');


-- 9. 포인트 사용 습관 (Q9)
INSERT INTO PHTI_QUESTION (PHTI_QUESTION_ID, QUESTION_ORDER, QUESTION_TEXT, QUESTION_TYPE)
VALUES (9, 9, '포인트는 주로 어떻게 쓰시나요?', 'POINT');
INSERT INTO PHTI_CHOICE(PHTI_CHOICE_ID, PHTI_QUESTION_ID, CHOICE_ORDER, CHOICE_TEXT, MAPPED_TYPE)
VALUES (SEQ_PHTI_CHOICE.NEXTVAL, 9, 1, '목표 금액을 정해두고 모아둔다', 'S');
INSERT INTO PHTI_CHOICE(PHTI_CHOICE_ID, PHTI_QUESTION_ID, CHOICE_ORDER, CHOICE_TEXT, MAPPED_TYPE)
VALUES (SEQ_PHTI_CHOICE.NEXTVAL, 9, 2, '쉽게 쓰지 않고 특별한 때만 쓴다', 'S');
INSERT INTO PHTI_CHOICE(PHTI_CHOICE_ID, PHTI_QUESTION_ID, CHOICE_ORDER, CHOICE_TEXT, MAPPED_TYPE)
VALUES (SEQ_PHTI_CHOICE.NEXTVAL, 9, 3, '포인트가 생기면 바로바로 교환한다', 'I');
INSERT INTO PHTI_CHOICE(PHTI_CHOICE_ID, PHTI_QUESTION_ID, CHOICE_ORDER, CHOICE_TEXT, MAPPED_TYPE)
VALUES (SEQ_PHTI_CHOICE.NEXTVAL, 9, 4, '적은 포인트라도 자주 쓰는 걸 좋아한다', 'I');

commit;

-- ------------------------  MEMBER_PHTI_ANSWER 테이블 ------------------------
DROP TABLE MEMBER_PHTI_ANSWER;
CREATE TABLE MEMBER_PHTI_ANSWER
(
    MEMBER_PHTI_ANSWER_ID NUMBER PRIMARY KEY,
    MEMBER_ID             NUMBER               NOT NULL,
    PHTI_QUESTION_ID      NUMBER               NOT NULL,
    PHTI_CHOICE_ID        NUMBER               NOT NULL,
    CREATED_AT            DATE DEFAULT SYSDATE NOT NULL,
    CONSTRAINT FK_ANSWER_MEMBER FOREIGN KEY (MEMBER_ID) REFERENCES MEMBER (MEMBER_ID),
    CONSTRAINT FK_ANSWER_QUESTION FOREIGN KEY (PHTI_QUESTION_ID) REFERENCES PHTI_QUESTION (PHTI_QUESTION_ID),
    CONSTRAINT FK_ANSWER_CHOICE FOREIGN KEY (PHTI_CHOICE_ID) REFERENCES PHTI_CHOICE (PHTI_CHOICE_ID)
);
DROP SEQUENCE SEQ_MEMBER_PHTI_ANSWER;
CREATE SEQUENCE SEQ_MEMBER_PHTI_ANSWER START WITH 1 INCREMENT BY 1 NOCACHE NOCYCLE;

commit;